,TEAM_ID,GAME_ID,SEASON,BENCH_PTS,OFF_RTG,SEASON_W_PCT
0,1610612765,0021500001,2015-16,18.0,103.3,0.537
1,1610612737,0021500001,2015-16,35.0,103.0,0.585
2,1610612739,0021500002,2015-16,20.0,108.1,0.695
3,1610612741,0021500002,2015-16,30.0,102.1,0.512
4,1610612740,0021500003,2015-16,40.0,103.2,0.366
5,1610612744,0021500003,2015-16,32.0,112.5,0.89
6,1610612764,0021500004,2015-16,14.0,102.9,0.5
7,1610612753,0021500004,2015-16,31.0,102.6,0.427
8,1610612755,0021500005,2015-16,15.0,96.6,0.122
9,1610612738,0021500005,2015-16,67.0,103.9,0.585
10,1610612741,0021500006,2015-16,32.0,102.1,0.512
11,1610612751,0021500006,2015-16,46.0,100.9,0.256
12,1610612762,0021500007,2015-16,22.0,103.1,0.488
13,1610612765,0021500007,2015-16,17.0,103.3,0.537
14,1610612766,0021500008,2015-16,36.0,105.1,0.585
15,1610612748,0021500008,2015-16,38.0,104.2,0.585
16,1610612754,0021500009,2015-16,26.0,102.4,0.549
17,1610612761,0021500009,2015-16,23.0,107.0,0.683
18,1610612743,0021500010,2015-16,31.0,102.7,0.402
19,1610612745,0021500010,2015-16,21.0,105.5,0.5
20,1610612739,0021500011,2015-16,50.0,108.1,0.695
21,1610612763,0021500011,2015-16,29.0,102.6,0.512
22,1610612752,0021500012,2015-16,73.0,102.0,0.39
23,1610612749,0021500012,2015-16,32.0,102.2,0.402
24,1610612759,0021500013,2015-16,41.0,108.4,0.817
25,1610612760,0021500013,2015-16,39.0,109.9,0.671
26,1610612742,0021500014,2015-16,51.0,104.8,0.512
27,1610612756,0021500014,2015-16,58.0,99.4,0.28
28,1610612740,0021500015,2015-16,33.0,103.2,0.366
29,1610612757,0021500015,2015-16,26.0,106.1,0.537
30,1610612746,0021500016,2015-16,30.0,106.5,0.646
31,1610612758,0021500016,2015-16,37.0,103.3,0.402
32,1610612750,0021500017,2015-16,55.0,104.3,0.354
33,1610612747,0021500017,2015-16,42.0,98.6,0.207
34,1610612763,0021500018,2015-16,49.0,102.6,0.512
35,1610612754,0021500018,2015-16,41.0,102.4,0.549
36,1610612737,0021500019,2015-16,37.0,103.0,0.585
37,1610612752,0021500019,2015-16,40.0,102.0,0.39
38,1610612742,0021500020,2015-16,45.0,104.8,0.512
39,1610612746,0021500020,2015-16,48.0,106.5,0.646
40,1610612748,0021500021,2015-16,19.0,104.2,0.585
41,1610612739,0021500021,2015-16,32.0,108.1,0.695
42,1610612760,0021500022,2015-16,31.0,109.9,0.671
43,1610612753,0021500022,2015-16,23.0,102.6,0.427
44,1610612762,0021500023,2015-16,35.0,103.1,0.488
45,1610612755,0021500023,2015-16,30.0,96.6,0.122
46,1610612761,0021500024,2015-16,40.0,107.0,0.683
47,1610612738,0021500024,2015-16,61.0,103.9,0.585
48,1610612741,0021500025,2015-16,21.0,102.1,0.512
49,1610612765,0021500025,2015-16,22.0,103.3,0.537
50,1610612766,0021500026,2015-16,41.0,105.1,0.585
51,1610612737,0021500026,2015-16,14.0,103.0,0.585
52,1610612764,0021500027,2015-16,53.0,102.9,0.5
53,1610612749,0021500027,2015-16,24.0,102.2,0.402
54,1610612751,0021500028,2015-16,32.0,100.9,0.256
55,1610612759,0021500028,2015-16,43.0,108.4,0.817
56,1610612750,0021500029,2015-16,31.0,104.3,0.354
57,1610612743,0021500029,2015-16,30.0,102.7,0.402
58,1610612744,0021500030,2015-16,46.0,112.5,0.89
59,1610612745,0021500030,2015-16,41.0,105.5,0.5
60,1610612747,0021500031,2015-16,53.0,98.6,0.207
61,1610612758,0021500031,2015-16,47.0,103.3,0.402
62,1610612757,0021500032,2015-16,21.0,106.1,0.537
63,1610612756,0021500032,2015-16,38.0,99.4,0.28
64,1610612762,0021500033,2015-16,42.0,103.1,0.488
65,1610612754,0021500033,2015-16,20.0,102.4,0.549
66,1610612752,0021500034,2015-16,50.0,102.0,0.39
67,1610612764,0021500034,2015-16,32.0,102.9,0.5
68,1610612744,0021500035,2015-16,29.0,112.5,0.89
69,1610612740,0021500035,2015-16,53.0,103.2,0.366
70,1610612751,0021500036,2015-16,40.0,100.9,0.256
71,1610612763,0021500036,2015-16,36.0,102.6,0.512
72,1610612756,0021500037,2015-16,17.0,99.4,0.28
73,1610612757,0021500037,2015-16,19.0,106.1,0.537
74,1610612758,0021500038,2015-16,44.0,103.3,0.402
75,1610612746,0021500038,2015-16,15.0,106.5,0.646
76,1610612737,0021500039,2015-16,18.0,103.0,0.585
77,1610612766,0021500039,2015-16,27.0,105.1,0.585
78,1610612745,0021500041,2015-16,29.0,105.5,0.5
79,1610612748,0021500041,2015-16,32.0,104.2,0.585
80,1610612749,0021500042,2015-16,31.0,102.2,0.402
81,1610612761,0021500042,2015-16,36.0,107.0,0.683
82,1610612753,0021500043,2015-16,25.0,102.6,0.427
83,1610612741,0021500043,2015-16,32.0,102.1,0.512
84,1610612743,0021500044,2015-16,46.0,102.7,0.402
85,1610612760,0021500044,2015-16,47.0,109.9,0.671
86,1610612742,0021500045,2015-16,39.0,104.8,0.512
87,1610612747,0021500045,2015-16,35.0,98.6,0.207
88,1610612739,0021500046,2015-16,43.0,108.1,0.695
89,1610612755,0021500046,2015-16,36.0,96.6,0.122
90,1610612749,0021500047,2015-16,10.0,102.2,0.402
91,1610612751,0021500047,2015-16,29.0,100.9,0.256
92,1610612759,0021500048,2015-16,21.0,108.4,0.817
93,1610612752,0021500048,2015-16,34.0,102.0,0.39
94,1610612760,0021500049,2015-16,27.0,109.9,0.671
95,1610612745,0021500049,2015-16,22.0,105.5,0.5
96,1610612757,0021500050,2015-16,24.0,106.1,0.537
97,1610612750,0021500050,2015-16,60.0,104.3,0.354
98,1610612763,0021500051,2015-16,36.0,102.6,0.512
99,1610612744,0021500051,2015-16,45.0,112.5,0.89
100,1610612756,0021500052,2015-16,29.0,99.4,0.28
101,1610612746,0021500052,2015-16,41.0,106.5,0.646
102,1610612741,0021500053,2015-16,57.0,102.1,0.512
103,1610612766,0021500053,2015-16,71.0,105.1,0.585
104,1610612754,0021500054,2015-16,43.0,102.4,0.549
105,1610612765,0021500054,2015-16,2.0,103.3,0.537
106,1610612737,0021500055,2015-16,24.0,103.0,0.585
107,1610612748,0021500055,2015-16,16.0,104.2,0.585
108,1610612753,0021500056,2015-16,22.0,102.6,0.427
109,1610612740,0021500056,2015-16,33.0,103.2,0.366
110,1610612761,0021500057,2015-16,17.0,107.0,0.683
111,1610612742,0021500057,2015-16,39.0,104.8,0.512
112,1610612763,0021500058,2015-16,42.0,102.6,0.512
113,1610612758,0021500058,2015-16,43.0,103.3,0.402
114,1610612743,0021500059,2015-16,31.0,102.7,0.402
115,1610612747,0021500059,2015-16,39.0,98.6,0.207
116,1610612738,0021500060,2015-16,27.0,103.9,0.585
117,1610612754,0021500060,2015-16,28.0,102.4,0.549
118,1610612759,0021500061,2015-16,29.0,108.4,0.817
119,1610612764,0021500061,2015-16,24.0,102.9,0.5
120,1610612751,0021500062,2015-16,29.0,100.9,0.256
121,1610612737,0021500062,2015-16,24.0,103.0,0.585
122,1610612752,0021500063,2015-16,39.0,102.0,0.39
123,1610612739,0021500063,2015-16,21.0,108.1,0.695
124,1610612753,0021500064,2015-16,40.0,102.6,0.427
125,1610612745,0021500064,2015-16,15.0,105.5,0.5
126,1610612755,0021500065,2015-16,20.0,96.6,0.122
127,1610612749,0021500065,2015-16,28.0,102.2,0.402
128,1610612761,0021500066,2015-16,26.0,107.0,0.683
129,1610612760,0021500066,2015-16,24.0,109.9,0.671
130,1610612758,0021500067,2015-16,51.0,103.3,0.402
131,1610612756,0021500067,2015-16,54.0,99.4,0.28
132,1610612757,0021500068,2015-16,19.0,106.1,0.537
133,1610612762,0021500068,2015-16,43.0,103.1,0.488
134,1610612746,0021500069,2015-16,30.0,106.5,0.646
135,1610612744,0021500069,2015-16,26.0,112.5,0.89
136,1610612760,0021500070,2015-16,19.0,109.9,0.671
137,1610612741,0021500070,2015-16,27.0,102.1,0.512
138,1610612748,0021500071,2015-16,15.0,104.2,0.585
139,1610612750,0021500071,2015-16,55.0,104.3,0.354
140,1610612766,0021500072,2015-16,34.0,105.1,0.585
141,1610612742,0021500072,2015-16,33.0,104.8,0.512
142,1610612762,0021500073,2015-16,52.0,103.1,0.488
143,1610612743,0021500073,2015-16,34.0,102.7,0.402
144,1610612763,0021500074,2015-16,34.0,102.6,0.512
145,1610612757,0021500074,2015-16,35.0,106.1,0.537
146,1610612761,0021500075,2015-16,23.0,107.0,0.683
147,1610612753,0021500075,2015-16,33.0,102.6,0.427
148,1610612764,0021500076,2015-16,33.0,102.9,0.5
149,1610612738,0021500076,2015-16,58.0,103.9,0.585
150,1610612747,0021500077,2015-16,38.0,98.6,0.207
151,1610612751,0021500077,2015-16,16.0,100.9,0.256
152,1610612755,0021500078,2015-16,36.0,96.6,0.122
153,1610612739,0021500078,2015-16,36.0,108.1,0.695
154,1610612749,0021500079,2015-16,48.0,102.2,0.402
155,1610612752,0021500079,2015-16,47.0,102.0,0.39
156,1610612748,0021500080,2015-16,29.0,104.2,0.585
157,1610612754,0021500080,2015-16,28.0,102.4,0.549
158,1610612737,0021500081,2015-16,34.0,103.0,0.585
159,1610612740,0021500081,2015-16,25.0,103.2,0.366
160,1610612765,0021500082,2015-16,21.0,103.3,0.537
161,1610612756,0021500082,2015-16,21.0,99.4,0.28
162,1610612743,0021500083,2015-16,23.0,102.7,0.402
163,1610612744,0021500083,2015-16,18.0,112.5,0.89
164,1610612745,0021500084,2015-16,13.0,105.5,0.5
165,1610612758,0021500084,2015-16,70.0,103.3,0.402
166,1610612750,0021500085,2015-16,37.0,104.3,0.354
167,1610612741,0021500085,2015-16,35.0,102.1,0.512
168,1610612764,0021500086,2015-16,27.0,102.9,0.5
169,1610612737,0021500086,2015-16,37.0,103.0,0.585
170,1610612753,0021500087,2015-16,32.0,102.6,0.427
171,1610612755,0021500087,2015-16,41.0,96.6,0.122
172,1610612740,0021500088,2015-16,34.0,103.2,0.366
173,1610612742,0021500088,2015-16,42.0,104.8,0.512
174,1610612751,0021500089,2015-16,28.0,100.9,0.256
175,1610612749,0021500089,2015-16,32.0,102.2,0.402
176,1610612766,0021500090,2015-16,31.0,105.1,0.585
177,1610612759,0021500090,2015-16,49.0,108.4,0.817
178,1610612763,0021500091,2015-16,25.0,102.6,0.512
179,1610612762,0021500091,2015-16,41.0,103.1,0.488
180,1610612744,0021500092,2015-16,28.0,112.5,0.89
181,1610612758,0021500092,2015-16,41.0,103.3,0.402
182,1610612745,0021500093,2015-16,15.0,105.5,0.5
183,1610612746,0021500093,2015-16,23.0,106.5,0.646
184,1610612754,0021500094,2015-16,13.0,102.4,0.549
185,1610612739,0021500094,2015-16,26.0,108.1,0.695
186,1610612747,0021500095,2015-16,37.0,98.6,0.207
187,1610612752,0021500095,2015-16,30.0,102.0,0.39
188,1610612761,0021500096,2015-16,14.0,107.0,0.683
189,1610612748,0021500096,2015-16,33.0,104.2,0.585
190,1610612756,0021500097,2015-16,38.0,99.4,0.28
191,1610612760,0021500097,2015-16,47.0,109.9,0.671
192,1610612765,0021500098,2015-16,16.0,103.3,0.537
193,1610612757,0021500098,2015-16,26.0,106.1,0.537
194,1610612753,0021500099,2015-16,24.0,102.6,0.427
195,1610612754,0021500099,2015-16,28.0,102.4,0.549
196,1610612741,0021500100,2015-16,38.0,102.1,0.512
197,1610612755,0021500100,2015-16,34.0,96.6,0.122
198,1610612750,0021500101,2015-16,,104.3,0.354
199,1610612737,0021500101,2015-16,,103.0,0.585
200,1610612757,0021500102,2015-16,20.0,106.1,0.537
201,1610612743,0021500102,2015-16,41.0,102.7,0.402
202,1610612759,0021500103,2015-16,37.0,108.4,0.817
203,1610612758,0021500103,2015-16,45.0,103.3,0.402
204,1610612765,0021500104,2015-16,27.0,103.3,0.537
205,1610612744,0021500104,2015-16,37.0,112.5,0.89
206,1610612763,0021500105,2015-16,20.0,102.6,0.512
207,1610612746,0021500105,2015-16,24.0,106.5,0.646
208,1610612762,0021500106,2015-16,49.0,103.1,0.488
209,1610612739,0021500106,2015-16,26.0,108.1,0.695
210,1610612760,0021500107,2015-16,55.0,109.9,0.671
211,1610612764,0021500107,2015-16,42.0,102.9,0.5
212,1610612747,0021500108,2015-16,49.0,98.6,0.207
213,1610612748,0021500108,2015-16,22.0,104.2,0.585
214,1610612752,0021500109,2015-16,54.0,102.0,0.39
215,1610612761,0021500109,2015-16,23.0,107.0,0.683
216,1610612738,0021500110,2015-16,50.0,103.9,0.585
217,1610612749,0021500110,2015-16,25.0,102.2,0.402
218,1610612766,0021500111,2015-16,57.0,105.1,0.585
219,1610612750,0021500111,2015-16,23.0,104.3,0.354
220,1610612742,0021500112,2015-16,64.0,104.8,0.512
221,1610612740,0021500112,2015-16,71.0,103.2,0.366
222,1610612752,0021500113,2015-16,29.0,102.0,0.39
223,1610612766,0021500113,2015-16,45.0,105.1,0.585
224,1610612747,0021500114,2015-16,45.0,98.6,0.207
225,1610612753,0021500114,2015-16,65.0,102.6,0.427
226,1610612761,0021500115,2015-16,42.0,107.0,0.683
227,1610612755,0021500115,2015-16,46.0,96.6,0.122
228,1610612754,0021500116,2015-16,28.0,102.4,0.549
229,1610612738,0021500116,2015-16,34.0,103.9,0.585
230,1610612740,0021500117,2015-16,26.0,103.2,0.366
231,1610612737,0021500117,2015-16,30.0,103.0,0.585
232,1610612746,0021500118,2015-16,51.0,106.5,0.646
233,1610612742,0021500118,2015-16,26.0,104.8,0.512
234,1610612751,0021500119,2015-16,56.0,100.9,0.256
235,1610612745,0021500119,2015-16,15.0,105.5,0.5
236,1610612744,0021500120,2015-16,35.0,112.5,0.89
237,1610612763,0021500120,2015-16,17.0,102.6,0.512
238,1610612749,0021500121,2015-16,41.0,102.2,0.402
239,1610612743,0021500121,2015-16,23.0,102.7,0.402
240,1610612765,0021500122,2015-16,23.0,103.3,0.537
241,1610612758,0021500122,2015-16,22.0,103.3,0.402
242,1610612759,0021500123,2015-16,36.0,108.4,0.817
243,1610612757,0021500123,2015-16,31.0,106.1,0.537
244,1610612762,0021500124,2015-16,30.0,103.1,0.488
245,1610612748,0021500124,2015-16,30.0,104.2,0.585
246,1610612744,0021500125,2015-16,21.0,112.5,0.89
247,1610612750,0021500125,2015-16,61.0,104.3,0.354
248,1610612746,0021500126,2015-16,54.0,106.5,0.646
249,1610612756,0021500126,2015-16,38.0,99.4,0.28
250,1610612750,0021500127,2015-16,33.0,104.3,0.354
251,1610612754,0021500127,2015-16,28.0,102.4,0.549
252,1610612762,0021500128,2015-16,50.0,103.1,0.488
253,1610612753,0021500128,2015-16,22.0,102.6,0.427
254,1610612737,0021500129,2015-16,37.0,103.0,0.585
255,1610612738,0021500129,2015-16,36.0,103.9,0.585
256,1610612739,0021500130,2015-16,13.0,108.1,0.695
257,1610612752,0021500130,2015-16,19.0,102.0,0.39
258,1610612740,0021500131,2015-16,25.0,103.2,0.366
259,1610612761,0021500131,2015-16,25.0,107.0,0.683
260,1610612766,0021500132,2015-16,30.0,105.1,0.585
261,1610612741,0021500132,2015-16,35.0,102.1,0.512
262,1610612755,0021500134,2015-16,36.0,96.6,0.122
263,1610612760,0021500134,2015-16,47.0,109.9,0.671
264,1610612747,0021500135,2015-16,19.0,98.6,0.207
265,1610612742,0021500135,2015-16,33.0,104.8,0.512
266,1610612745,0021500136,2015-16,40.0,105.5,0.5
267,1610612743,0021500136,2015-16,51.0,102.7,0.402
268,1610612751,0021500137,2015-16,37.0,100.9,0.256
269,1610612758,0021500137,2015-16,42.0,103.3,0.402
270,1610612765,0021500138,2015-16,22.0,103.3,0.537
271,1610612746,0021500138,2015-16,4.0,106.5,0.646
272,1610612753,0021500139,2015-16,30.0,102.6,0.427
273,1610612764,0021500139,2015-16,30.0,102.9,0.5
274,1610612742,0021500140,2015-16,44.0,104.8,0.512
275,1610612745,0021500140,2015-16,32.0,105.5,0.5
276,1610612739,0021500141,2015-16,22.0,108.1,0.695
277,1610612749,0021500141,2015-16,36.0,102.2,0.402
278,1610612755,0021500142,2015-16,36.0,96.6,0.122
279,1610612759,0021500142,2015-16,31.0,108.4,0.817
280,1610612743,0021500143,2015-16,51.0,102.7,0.402
281,1610612756,0021500143,2015-16,43.0,99.4,0.28
282,1610612751,0021500144,2015-16,14.0,100.9,0.256
283,1610612744,0021500144,2015-16,33.0,112.5,0.89
284,1610612740,0021500145,2015-16,31.0,103.2,0.366
285,1610612752,0021500145,2015-16,44.0,102.0,0.39
286,1610612763,0021500146,2015-16,35.0,102.6,0.512
287,1610612750,0021500146,2015-16,36.0,104.3,0.354
288,1610612757,0021500147,2015-16,31.0,106.1,0.537
289,1610612766,0021500147,2015-16,21.0,105.1,0.585
290,1610612762,0021500148,2015-16,34.0,103.1,0.488
291,1610612737,0021500148,2015-16,14.0,103.0,0.585
292,1610612738,0021500149,2015-16,29.0,103.9,0.585
293,1610612760,0021500149,2015-16,29.0,109.9,0.671
294,1610612761,0021500150,2015-16,31.0,107.0,0.683
295,1610612758,0021500150,2015-16,29.0,103.3,0.402
296,1610612765,0021500151,2015-16,36.0,103.3,0.537
297,1610612747,0021500151,2015-16,34.0,98.6,0.207
298,1610612742,0021500152,2015-16,30.0,104.8,0.512
299,1610612755,0021500152,2015-16,29.0,96.6,0.122
300,1610612754,0021500153,2015-16,26.0,102.4,0.549
301,1610612741,0021500153,2015-16,39.0,102.1,0.512
302,1610612738,0021500154,2015-16,53.0,103.9,0.585
303,1610612745,0021500154,2015-16,33.0,105.5,0.5
304,1610612760,0021500155,2015-16,40.0,109.9,0.671
305,1610612763,0021500155,2015-16,45.0,102.6,0.512
306,1610612757,0021500156,2015-16,11.0,106.1,0.537
307,1610612759,0021500156,2015-16,36.0,108.4,0.817
308,1610612747,0021500157,2015-16,36.0,98.6,0.207
309,1610612756,0021500157,2015-16,55.0,99.4,0.28
310,1610612739,0021500160,2015-16,10.0,108.1,0.695
311,1610612765,0021500160,2015-16,9.0,103.3,0.537
312,1610612750,0021500161,2015-16,54.0,104.3,0.354
313,1610612748,0021500161,2015-16,13.0,104.2,0.585
314,1610612766,0021500162,2015-16,41.0,105.1,0.585
315,1610612752,0021500162,2015-16,27.0,102.0,0.39
316,1610612743,0021500163,2015-16,42.0,102.7,0.402
317,1610612740,0021500163,2015-16,58.0,103.2,0.366
318,1610612751,0021500165,2015-16,24.0,100.9,0.256
319,1610612766,0021500165,2015-16,42.0,105.1,0.585
320,1610612750,0021500166,2015-16,40.0,104.3,0.354
321,1610612753,0021500166,2015-16,33.0,102.6,0.427
322,1610612754,0021500167,2015-16,42.0,102.4,0.549
323,1610612755,0021500167,2015-16,33.0,96.6,0.122
324,1610612742,0021500168,2015-16,27.0,104.8,0.512
325,1610612738,0021500168,2015-16,43.0,103.9,0.585
326,1610612740,0021500171,2015-16,22.0,103.2,0.366
327,1610612760,0021500171,2015-16,44.0,109.9,0.671
328,1610612743,0021500172,2015-16,48.0,102.7,0.402
329,1610612759,0021500172,2015-16,33.0,108.4,0.817
330,1610612741,0021500174,2015-16,30.0,102.1,0.512
331,1610612756,0021500174,2015-16,21.0,99.4,0.28
332,1610612758,0021500175,2015-16,43.0,103.3,0.402
333,1610612748,0021500175,2015-16,40.0,104.2,0.585
334,1610612749,0021500176,2015-16,12.0,102.2,0.402
335,1610612739,0021500176,2015-16,39.0,108.1,0.695
336,1610612755,0021500178,2015-16,37.0,96.6,0.122
337,1610612766,0021500178,2015-16,33.0,105.1,0.585
338,1610612751,0021500179,2015-16,40.0,100.9,0.256
339,1610612738,0021500179,2015-16,60.0,103.9,0.585
340,1610612745,0021500180,2015-16,19.0,105.5,0.5
341,1610612763,0021500180,2015-16,34.0,102.6,0.512
342,1610612765,0021500181,2015-16,27.0,103.3,0.537
343,1610612750,0021500181,2015-16,35.0,104.3,0.354
344,1610612759,0021500182,2015-16,26.0,108.4,0.817
345,1610612740,0021500182,2015-16,59.0,103.2,0.366
346,1610612752,0021500183,2015-16,30.0,102.0,0.39
347,1610612760,0021500183,2015-16,26.0,109.9,0.671
348,1610612762,0021500184,2015-16,24.0,103.1,0.488
349,1610612742,0021500184,2015-16,29.0,104.8,0.512
350,1610612756,0021500185,2015-16,37.0,99.4,0.28
351,1610612743,0021500185,2015-16,36.0,102.7,0.402
352,1610612746,0021500186,2015-16,38.0,106.5,0.646
353,1610612757,0021500186,2015-16,25.0,106.1,0.537
354,1610612741,0021500187,2015-16,15.0,102.1,0.512
355,1610612744,0021500187,2015-16,32.0,112.5,0.89
356,1610612758,0021500189,2015-16,36.0,103.3,0.402
357,1610612753,0021500189,2015-16,21.0,102.6,0.427
358,1610612749,0021500190,2015-16,41.0,102.2,0.402
359,1610612754,0021500190,2015-16,53.0,102.4,0.549
360,1610612737,0021500191,2015-16,39.0,103.0,0.585
361,1610612739,0021500191,2015-16,29.0,108.1,0.695
362,1610612764,0021500192,2015-16,51.0,102.9,0.5
363,1610612765,0021500192,2015-16,15.0,103.3,0.537
364,1610612755,0021500193,2015-16,47.0,96.6,0.122
365,1610612748,0021500193,2015-16,26.0,104.2,0.585
366,1610612752,0021500194,2015-16,34.0,102.0,0.39
367,1610612745,0021500194,2015-16,23.0,105.5,0.5
368,1610612763,0021500195,2015-16,38.0,102.6,0.512
369,1610612759,0021500195,2015-16,28.0,108.4,0.817
370,1610612761,0021500196,2015-16,10.0,107.0,0.683
371,1610612746,0021500196,2015-16,26.0,106.5,0.646
372,1610612738,0021500197,2015-16,31.0,103.9,0.585
373,1610612751,0021500197,2015-16,29.0,100.9,0.256
374,1610612756,0021500198,2015-16,38.0,99.4,0.28
375,1610612740,0021500198,2015-16,52.0,103.2,0.366
376,1610612742,0021500199,2015-16,41.0,104.8,0.512
377,1610612760,0021500199,2015-16,43.0,109.9,0.671
378,1610612744,0021500200,2015-16,40.0,112.5,0.89
379,1610612743,0021500200,2015-16,25.0,102.7,0.402
380,1610612757,0021500201,2015-16,31.0,106.1,0.537
381,1610612747,0021500201,2015-16,23.0,98.6,0.207
382,1610612758,0021500202,2015-16,40.0,103.3,0.402
383,1610612766,0021500202,2015-16,46.0,105.1,0.585
384,1610612753,0021500203,2015-16,59.0,102.6,0.427
385,1610612739,0021500203,2015-16,18.0,108.1,0.695
386,1610612752,0021500204,2015-16,10.0,102.0,0.39
387,1610612748,0021500204,2015-16,30.0,104.2,0.585
388,1610612765,0021500205,2015-16,45.0,103.3,0.537
389,1610612749,0021500205,2015-16,32.0,102.2,0.402
390,1610612755,0021500206,2015-16,48.0,96.6,0.122
391,1610612750,0021500206,2015-16,35.0,104.3,0.354
392,1610612756,0021500207,2015-16,33.0,99.4,0.28
393,1610612759,0021500207,2015-16,24.0,108.4,0.817
394,1610612760,0021500208,2015-16,44.0,109.9,0.671
395,1610612762,0021500208,2015-16,34.0,103.1,0.488
396,1610612754,0021500209,2015-16,20.0,102.4,0.549
397,1610612764,0021500209,2015-16,51.0,102.9,0.5
398,1610612738,0021500210,2015-16,41.0,103.9,0.585
399,1610612737,0021500210,2015-16,39.0,103.0,0.585
400,1610612742,0021500211,2015-16,42.0,104.8,0.512
401,1610612763,0021500211,2015-16,30.0,102.6,0.512
402,1610612746,0021500212,2015-16,33.0,106.5,0.646
403,1610612743,0021500212,2015-16,26.0,102.7,0.402
404,1610612741,0021500213,2015-16,24.0,102.1,0.512
405,1610612757,0021500213,2015-16,28.0,106.1,0.537
406,1610612747,0021500214,2015-16,49.0,98.6,0.207
407,1610612744,0021500214,2015-16,42.0,112.5,0.89
408,1610612764,0021500215,2015-16,31.0,102.9,0.5
409,1610612766,0021500215,2015-16,36.0,105.1,0.585
410,1610612752,0021500216,2015-16,12.0,102.0,0.39
411,1610612753,0021500216,2015-16,43.0,102.6,0.427
412,1610612755,0021500217,2015-16,29.0,96.6,0.122
413,1610612738,0021500217,2015-16,21.0,103.9,0.585
414,1610612748,0021500218,2015-16,26.0,104.2,0.585
415,1610612765,0021500218,2015-16,35.0,103.3,0.537
416,1610612739,0021500219,2015-16,25.0,108.1,0.695
417,1610612761,0021500219,2015-16,18.0,107.0,0.683
418,1610612763,0021500220,2015-16,29.0,102.6,0.512
419,1610612745,0021500220,2015-16,17.0,105.5,0.5
420,1610612758,0021500221,2015-16,54.0,103.3,0.402
421,1610612749,0021500221,2015-16,51.0,102.2,0.402
422,1610612737,0021500222,2015-16,18.0,103.0,0.585
423,1610612750,0021500222,2015-16,58.0,104.3,0.354
424,1610612751,0021500223,2015-16,30.0,100.9,0.256
425,1610612760,0021500223,2015-16,33.0,109.9,0.671
426,1610612740,0021500225,2015-16,52.0,103.2,0.366
427,1610612756,0021500225,2015-16,53.0,99.4,0.28
428,1610612762,0021500226,2015-16,14.0,103.1,0.488
429,1610612746,0021500226,2015-16,16.0,106.5,0.646
430,1610612739,0021500227,2015-16,27.0,108.1,0.695
431,1610612766,0021500227,2015-16,32.0,105.1,0.585
432,1610612749,0021500228,2015-16,38.0,102.2,0.402
433,1610612753,0021500228,2015-16,38.0,102.6,0.427
434,1610612764,0021500229,2015-16,42.0,102.9,0.5
435,1610612738,0021500229,2015-16,33.0,103.9,0.585
436,1610612748,0021500230,2015-16,20.0,104.2,0.585
437,1610612752,0021500230,2015-16,46.0,102.0,0.39
438,1610612741,0021500231,2015-16,26.0,102.1,0.512
439,1610612754,0021500231,2015-16,20.0,102.4,0.549
440,1610612755,0021500232,2015-16,28.0,96.6,0.122
441,1610612745,0021500232,2015-16,22.0,105.5,0.5
442,1610612737,0021500233,2015-16,30.0,103.0,0.585
443,1610612763,0021500233,2015-16,40.0,102.6,0.512
444,1610612765,0021500234,2015-16,20.0,103.3,0.537
445,1610612760,0021500234,2015-16,31.0,109.9,0.671
446,1610612759,0021500235,2015-16,34.0,108.4,0.817
447,1610612743,0021500235,2015-16,42.0,102.7,0.402
448,1610612744,0021500236,2015-16,51.0,112.5,0.89
449,1610612756,0021500236,2015-16,61.0,99.4,0.28
450,1610612750,0021500237,2015-16,48.0,104.3,0.354
451,1610612758,0021500237,2015-16,45.0,103.3,0.402
452,1610612761,0021500239,2015-16,27.0,107.0,0.683
453,1610612764,0021500239,2015-16,8.0,102.9,0.5
454,1610612751,0021500240,2015-16,15.0,100.9,0.256
455,1610612739,0021500240,2015-16,16.0,108.1,0.695
456,1610612743,0021500241,2015-16,28.0,102.7,0.402
457,1610612742,0021500241,2015-16,30.0,104.8,0.512
458,1610612737,0021500242,2015-16,50.0,103.0,0.585
459,1610612759,0021500242,2015-16,47.0,108.4,0.817
460,1610612740,0021500243,2015-16,37.0,103.2,0.366
461,1610612762,0021500243,2015-16,42.0,103.1,0.488
462,1610612747,0021500244,2015-16,18.0,98.6,0.207
463,1610612757,0021500244,2015-16,36.0,106.1,0.537
464,1610612758,0021500245,2015-16,39.0,103.3,0.402
465,1610612744,0021500245,2015-16,53.0,112.5,0.89
466,1610612749,0021500246,2015-16,15.0,102.2,0.402
467,1610612766,0021500246,2015-16,34.0,105.1,0.585
468,1610612750,0021500247,2015-16,41.0,104.3,0.354
469,1610612746,0021500247,2015-16,27.0,106.5,0.646
470,1610612765,0021500248,2015-16,19.0,103.3,0.537
471,1610612751,0021500248,2015-16,27.0,100.9,0.256
472,1610612738,0021500249,2015-16,31.0,103.9,0.585
473,1610612753,0021500249,2015-16,56.0,102.6,0.427
474,1610612756,0021500250,2015-16,51.0,99.4,0.28
475,1610612761,0021500250,2015-16,25.0,107.0,0.683
476,1610612755,0021500251,2015-16,27.0,96.6,0.122
477,1610612763,0021500251,2015-16,25.0,102.6,0.512
478,1610612745,0021500252,2015-16,35.0,105.5,0.5
479,1610612752,0021500252,2015-16,38.0,102.0,0.39
480,1610612754,0021500253,2015-16,25.0,102.4,0.549
481,1610612747,0021500253,2015-16,41.0,98.6,0.207
482,1610612745,0021500254,2015-16,45.0,105.5,0.5
483,1610612765,0021500254,2015-16,32.0,103.3,0.537
484,1610612738,0021500255,2015-16,21.0,103.9,0.585
485,1610612748,0021500255,2015-16,20.0,104.2,0.585
486,1610612760,0021500256,2015-16,19.0,109.9,0.671
487,1610612737,0021500256,2015-16,23.0,103.0,0.585
488,1610612759,0021500257,2015-16,15.0,108.4,0.817
489,1610612741,0021500257,2015-16,30.0,102.1,0.512
490,1610612743,0021500258,2015-16,27.0,102.7,0.402
491,1610612749,0021500258,2015-16,39.0,102.2,0.402
492,1610612744,0021500259,2015-16,33.0,112.5,0.89
493,1610612762,0021500259,2015-16,31.0,103.1,0.488
494,1610612742,0021500260,2015-16,38.0,104.8,0.512
495,1610612758,0021500260,2015-16,35.0,103.3,0.402
496,1610612757,0021500261,2015-16,49.0,106.1,0.537
497,1610612746,0021500261,2015-16,33.0,106.5,0.646
498,1610612764,0021500262,2015-16,11.0,102.9,0.5
499,1610612739,0021500262,2015-16,28.0,108.1,0.695
500,1610612747,0021500263,2015-16,22.0,98.6,0.207
501,1610612755,0021500263,2015-16,40.0,96.6,0.122
