,TEAM_ID,SEASON,REL_BENCH_PROP,REL_OFF_RTG,REL_W_PCT
0,1610612737,2010-11,0.3351065389942598,-0.4040779543727223,0.23423351906931467
1,1610612738,2010-11,-0.7264314515729522,-0.15283777548813082,1.1585063240455273
2,1610612739,2010-11,1.2988818422972586,-1.5660637817139629,-1.6966103543398963
3,1610612740,2010-11,-0.01305211438040063,-0.2156478202092798,0.3861687746818429
4,1610612741,2010-11,-0.7072880782024318,0.31823755992047986,1.6206427265336332
5,1610612742,2010-11,1.801608671144553,0.977743029492533,1.2344739518517907
6,1610612743,2010-11,0.609908169683512,1.5744384543434418,0.6963699215574206
7,1610612744,2010-11,-1.4638172768986064,0.31823755992047986,-0.38616877468184185
8,1610612745,2010-11,-0.14803637692415617,1.103363118934831,0.15193525561252857
9,1610612746,2010-11,-0.7036741307642028,-0.8437482674207607,-0.69636992155742
10,1610612747,2010-11,-0.7047757811161253,1.0719580965742588,1.2344739518517907
11,1610612748,2010-11,-1.991467202387723,1.5116284096222927,1.3104415796580549
12,1610612749,2010-11,0.5204279867054785,-1.7230888935168331,-0.46213640248810595
13,1610612750,2010-11,0.6297620556475515,-1.06358342394478,-1.8548762456029464
14,1610612751,2010-11,0.43959970282882266,-1.3462286251899436,-1.3104415796580544
15,1610612752,2010-11,-1.1735134512742083,1.1975781860165522,0.07596762780626445
16,1610612753,2010-11,-0.8004291597613081,0.38104760464162885,0.8483051771699488
17,1610612754,2010-11,0.5328114437900144,-0.812343245060184,-0.3102011468755777
18,1610612755,2010-11,1.6587552606890739,-0.15283777548813082,3.514208729861192e-16
19,1610612756,2010-11,1.5077758375189168,0.7893128953290905,-0.07596762780626376
20,1610612757,2010-11,-1.1208064587530568,0.3496425822810521,0.5381040302943704
21,1610612758,2010-11,0.6362957768317141,-1.2206085357476502,-1.3104415796580544
22,1610612759,2010-11,0.8021790308010032,1.5430334319828694,1.5446750987273692
23,1610612760,2010-11,-0.46211324055804676,1.2917932530982734,1.0825386962392631
24,1610612761,2010-11,0.21542463599262354,-0.37267293201215,-1.4687074709211043
25,1610612762,2010-11,-1.1899000007865863,0.12980742575703735,-0.15193525561252785
26,1610612763,2010-11,-0.7786811279774635,-0.027217686045832863,0.3861687746818429
27,1610612764,2010-11,-0.5465818037931915,-1.5346587593533907,-1.3927398431148401
28,1610612765,2010-11,1.8127785834641517,0.03559235867531166,-0.8483051771699481
29,1610612766,2010-11,-0.2707478812384811,-1.1577984910265011,-0.53810403029437
30,1610612737,2011-12,-0.3952513765283578,0.17719217832851056,0.6911694254636114
31,1610612738,2011-12,-1.4986275381053777,-0.9108299693027075,0.5934546150776152
32,1610612739,2011-12,0.389862972867591,-1.1595207459041323,-1.1849549339475123
33,1610612740,2011-12,0.15672054236812313,-1.0973480517537761,-1.1849549339475123
34,1610612741,2011-12,-0.42657207258682145,0.8300054669072396,1.6813461707083712
35,1610612742,2011-12,1.9146311287061337,-0.2580166807239785,0.2937958632272279
36,1610612743,2011-12,1.3888822494564341,1.451732408410793,0.49573980469161916
37,1610612744,2011-12,0.1100255967693479,0.3947966078547506,-0.9895253131755204
38,1610612745,2011-12,-0.1739087873852739,0.27045121955404267,0.09836624245523566
39,1610612746,2011-12,-1.3778895256112904,1.0476098964334841,0.6911694254636114
40,1610612747,2011-12,-2.23668334971668,0.4569693020051068,0.7888842358496075
41,1610612748,2011-12,-1.6065708714942908,0.7678327727568834,1.2839726084719871
42,1610612749,2011-12,0.21092637606486175,0.17719217832851056,-0.19477818870275268
43,1610612750,2011-12,0.3614921721881433,-0.10258494534809016,-0.6898665613251322
44,1610612751,2011-12,0.4766670121731071,-0.6621391927012872,-1.0872401235615161
45,1610612752,2011-12,-0.5501806339321895,-0.13367129242326606,0.2937958632272279
46,1610612753,2011-12,-1.387774889899603,0.17719217832851056,0.39802499430562377
47,1610612754,2011-12,-0.30902597305822127,0.5191419961554631,0.8865990462356036
48,1610612755,2011-12,2.0584306200611997,-0.040412251197733964,0.19608105284123178
49,1610612756,2011-12,0.6625083596326535,0.5191419961554631,0.0006514320692395402
50,1610612757,2011-12,-0.014267297175674539,0.30153756662921855,-0.4944369405531404
51,1610612758,2011-12,-0.7128439403917258,-0.2580166807239785,-1.0872401235615161
52,1610612759,2011-12,1.446452234204714,2.073459349914346,1.6813461707083712
53,1610612760,2011-12,-0.4857676325442967,1.6382504908618571,1.3816874188579833
54,1610612761,2011-12,0.9443028993346932,-1.03517535760342,-0.9895253131755204
55,1610612762,2011-12,0.3548451126440623,0.5813146903058193,0.2937958632272279
56,1610612763,2011-12,-0.1076233305121714,-0.2580166807239785,0.7888842358496075
57,1610612764,2011-12,0.38202924601271987,-1.2527797871296644,-1.2826697443335084
58,1610612765,2011-12,-0.341998215233816,-1.2527797871296644,-0.7875813717111284
59,1610612766,2011-12,0.7672089116919814,-2.962528876264436,-2.5659909207362563
60,1610612737,2012-13,-0.42981615264496414,-0.11871794120216504,0.2418211290831417
61,1610612738,2012-13,0.22461474992734876,-0.585804922981178,0.03866516698077401
62,1610612739,2012-13,-0.30822620843094045,-0.6733837320647417,-1.357212895206461
63,1610612740,2012-13,0.658902116340993,-0.11871794120216504,-1.1212898424424211
64,1610612741,2012-13,-0.6913519502918216,-0.7901554775094918,0.320462146671155
65,1610612742,2012-13,1.5163952114085193,0.14401848604852585,-0.0006553418132326439
66,1610612743,2012-13,1.0558526017489998,1.311735940496052,1.277261193991982
67,1610612744,2012-13,-0.5432544266140368,0.31917610421565723,0.47774418184718087
68,1610612745,2012-13,-0.7789289799283031,1.0489995132453611,0.320462146671155
69,1610612746,2012-13,1.1791121130466824,1.3409288768572427,1.1986201764039695
70,1610612747,2012-13,-1.5748742954352335,0.7278772132722889,0.320462146671155
71,1610612748,2012-13,-1.1664476109462099,2.099945222248133,1.9981371885487706
72,1610612749,2012-13,0.17149082452111616,-0.644190795703551,-0.24313181270960663
73,1610612750,2012-13,0.3888374201384267,-0.8777342865930595,-0.8001723539580339
74,1610612751,2012-13,-0.4269241616097445,0.5527195951051617,0.641579635155542
75,1610612752,2012-13,1.2806244446961526,1.6036653041079336,1.041338141227943
76,1610612753,2012-13,-0.49675434765650744,-1.228049522927314,-1.6783303836908483
77,1610612754,2012-13,-1.1547872519207663,-0.43984024117523723,0.687453562081883
78,1610612755,2012-13,-0.6154445393706152,-1.0528919047601868,-0.5576958830616598
79,1610612756,2012-13,0.756502307757334,-1.432400077455632,-1.2785718776184478
80,1610612757,2012-13,-2.773410443137113,-0.11871794120216504,-0.6428903187820072
81,1610612758,2012-13,0.5887569531409134,-0.031139132118601417,-1.042648824854408
82,1610612759,2012-13,0.6078951663473304,0.8154560223558567,1.3559022115799955
83,1610612760,2012-13,-1.0756337244973961,2.0707522858869463,1.5197376648883565
84,1610612761,2012-13,0.2303285152229269,-0.06033206847978791,-0.5576958830616598
85,1610612762,2012-13,0.8822574668337947,0.14401848604852585,0.15662669336279397
86,1610612763,2012-13,-0.8001456105826624,-0.4106473048140466,1.1986201764039695
87,1610612764,2012-13,1.0332050411927147,-1.5491718229003861,-0.9574543891340604
88,1610612765,2012-13,1.0426565367707858,-0.644190795703551,-0.9574543891340604
89,1610612766,2012-13,1.218568233972273,-1.4032071410944456,-1.599689366102835
90,1610612737,2013-14,0.09222174133345551,-0.18022841084258395,-0.23905993543504278
91,1610612738,2013-14,-0.030178958621737254,-1.2794236637835885,-1.2589916131687127
92,1610612739,2013-14,0.7216758581375804,-0.8040959868361292,-0.6328310262056368
93,1610612740,2013-14,0.7163579403912009,0.20597532667722734,-0.5489125970250187
94,1610612741,2013-14,-0.10888235560404474,-1.2794236637835885,0.5484822461061448
95,1610612742,2013-14,0.40555992770991073,1.4834184584735282,0.6324006752867632
96,1610612743,2013-14,1.094065145839949,-0.2099363906518028,-0.39398626623003075
97,1610612744,2013-14,-1.0633213311740426,0.38422320553252354,0.7873270060817512
98,1610612745,2013-14,-1.3195610445217363,1.3645865392366612,1.0261717660573577
99,1610612746,2013-14,-0.9429796386722973,1.6022503777103951,1.2585612622498388
100,1610612747,2013-14,1.9193671551424332,-0.6258481079808287,-1.1040652823737247
101,1610612748,2013-14,-0.488974680672707,1.4834184584735282,1.0261717660573577
102,1610612749,2013-14,1.0768237875733686,-1.130883764737507,-2.0465337947099007
103,1610612750,2013-14,-1.2756303849341766,0.47334714496017166,-0.0776783408569307
104,1610612751,2013-14,1.5258076507591742,0.11685138724957923,0.23862958451616967
105,1610612752,2013-14,0.1991267913388956,0.4139311853417424,-0.31652310083253676
106,1610612753,2013-14,0.05408627155080545,-1.3982555830204555,-1.4203732077468247
107,1610612754,2013-14,-0.9623328895768716,-0.7446800272176957,1.1810980968523455
108,1610612755,2013-14,-0.4393781032834087,-2.1409550782508635,-1.7302258693368007
109,1610612756,2013-14,1.0807109717866812,0.9189668420984164,0.5484822461061448
110,1610612757,2013-14,-1.8776235806749764,1.275462599809013,1.0261717660573577
111,1610612758,2013-14,-0.44561743998715864,-0.3287683098886655,-1.0266021169762307
112,1610612759,2013-14,2.262258116333507,1.2457546199997984,1.6523323530204332
113,1610612760,2013-14,-0.32963115901341755,1.2160466401905796,1.4199428568279513
114,1610612761,2013-14,-1.2245003087657158,0.5327631045786051,0.5484822461061448
115,1610612762,2013-14,0.45257559850004714,-1.0120518455006442,-1.2589916131687127
116,1610612763,2013-14,0.4694319650184061,-0.2099363906518028,0.7098638406842572
117,1610612764,2013-14,-1.234743412062541,-0.2099363906518028,0.23862958451616967
118,1610612765,2013-14,-0.19098074312460786,-0.3287683098886655,-0.9426836877956126
119,1610612766,2013-14,-0.1357328907259803,-0.8338039666453437,0.1547111553355512
120,1610612737,2014-15,-0.4779955237207073,0.8667656823747644,1.4373630197963734
121,1610612738,2014-15,1.53872753279241,-0.3546682124122229,-0.07456359392822116
122,1610612739,2014-15,-2.1766122141787765,1.2739103139704266,0.9044708526639345
123,1610612740,2014-15,-0.32065086342265986,0.6496218788570784,0.30341805950292783
124,1610612741,2014-15,-0.34335146839406755,0.4596210507791019,0.6813997129340761
125,1610612742,2014-15,0.13047215760758682,1.1381954367718725,0.6813997129340761
126,1610612743,2014-15,0.3699283913464686,-0.3818111878519361,-0.8305269007905184
127,1610612744,2014-15,-0.17460033428688365,1.8167698227646434,1.9640587663807605
128,1610612745,2014-15,-1.0173259895024833,0.3239061735805478,1.1337384129418446
129,1610612746,2014-15,-1.1083648658971363,1.8439127982043526,1.1337384129418446
130,1610612747,2014-15,1.4158642317461094,-0.5989549913696219,-1.512133161076196
131,1610612748,2014-15,-1.147263595840645,-0.40895416329164536,-0.3038311542061309
132,1610612749,2014-15,0.972588850104673,-0.6803839176887536,-0.00020654735160169783
133,1610612750,2014-15,-0.7011356231192031,-0.8703847457667302,-1.8901148145073448
134,1610612751,2014-15,0.4980832236446861,-0.3003822615328005,-0.2294741076295114
135,1610612752,2014-15,1.227064463263282,-1.6032450826389233,-1.8157577679307257
136,1610612753,2014-15,-1.2597290699273518,-0.9246706966461526,-1.2085085542216671
137,1610612754,2014-15,1.7232099336119329,-0.5989549913696219,-0.2294741076295114
138,1610612755,2014-15,1.4593107588184133,-2.7161070756670656,-1.7352043008060547
139,1610612756,2014-15,0.8332444489813724,-0.028952507135692217,-0.14892064050484063
140,1610612757,2014-15,-1.5115473925256078,0.6767648542967878,0.7557567595106955
141,1610612758,2014-15,-0.9594134518665203,-0.13752440889453707,-0.9048839473671378
142,1610612759,2014-15,1.3129951356301215,0.8667656823747644,1.059381366365225
143,1610612760,2014-15,-0.20725358072834646,0.4053350998996795,0.30341805950292783
144,1610612761,2014-15,0.7169865464851637,1.3824822157292678,0.6070426663574566
145,1610612762,2014-15,-0.6230951144683147,-0.13752440889453707,-0.2294741076295114
146,1610612763,2014-15,-0.40471512956451017,0.025333443743726352,1.059381366365225
147,1610612764,2014-15,0.08853983353400248,-0.3275252369725136,0.3777751060795473
148,1610612765,2014-15,-0.08270748893779477,-0.1918103597739595,-0.6818128076372795
149,1610612766,2014-15,0.2287461988147421,-1.4675302054403692,-0.60745576106066
150,1610612737,2015-16,-0.8587350794292253,-0.28425147782317906,0.5111758982456007
151,1610612738,2015-16,1.15511381086216,-0.0020900843957567697,0.5111758982456007
152,1610612739,2015-16,-1.4108169268921813,1.314663084932202,1.1719203025583635
153,1610612740,2015-16,1.1785300939655137,-0.22154894595041807,-0.8043061430679904
154,1610612741,2015-16,-0.32566972723723214,-0.5664128712506014,0.07268188447440391
155,1610612742,2015-16,0.941236909291421,0.28007130903166105,0.07268188447440391
156,1610612743,2015-16,0.7623023660720463,-0.37830527563231836,-0.5880625198383588
157,1610612744,2015-16,-0.4624859879520668,2.6941187861329263,2.3432399283855343
158,1610612745,2015-16,-1.457941465698464,0.4995301705863224,0.0006006767311933545
159,1610612746,2015-16,-0.5953323124576386,0.8130428299501229,0.8775887042735877
160,1610612747,2015-16,0.7975719490424268,-1.6637071790239033,-1.7593821456655296
161,1610612748,2015-16,-1.3339156503015754,0.09196371341338251,0.5111758982456007
162,1610612749,2015-16,-0.1700224076932164,-0.5350616053142186,-0.5880625198383588
163,1610612750,2015-16,2.024969422922706,0.12331497934976078,-0.876387350811201
164,1610612751,2015-16,-0.23067946050091395,-0.9426280624871585,-1.4650505473807531
165,1610612752,2015-16,0.7291772121800377,-0.5977641371869796,-0.6601437275815694
166,1610612753,2015-16,0.2452437335255584,-0.40965654156870107,-0.4378933370400038
167,1610612754,2015-16,-0.8860850717003766,-0.4723590734414576,0.29493227501596975
168,1610612755,2015-16,0.8023063131967637,-2.2907324977515047,-2.269957367179937
169,1610612756,2015-16,0.8340807612615733,-1.4128970515328594,-1.320888131894332
170,1610612757,2015-16,-1.191312482294309,0.6876377662046009,0.22285106727275922
171,1610612758,2015-16,1.3755517200660559,-0.19019768001403978,-0.5880625198383588
172,1610612759,2015-16,-0.08279303042836937,1.4087168827413459,1.9047459146143366
173,1610612760,2015-16,-0.1235880672632695,1.8789858717870467,1.027757887071943
174,1610612761,2015-16,-1.609688458242195,0.9697991596320232,1.0998390948151535
175,1610612762,2015-16,0.8390664196402088,-0.2529002118868008,-0.07148053101201719
176,1610612763,2015-16,0.281226090374201,-0.40965654156870107,0.07268188447440391
177,1610612764,2015-16,-0.16039378615382696,-0.3156027437595573,0.0006006767311933545
178,1610612765,2015-16,-1.887138999844235,-0.19019768001403978,0.22285106727275922
179,1610612766,2015-16,0.8202221116883853,0.37412510684080036,0.5111758982456007
180,1610612737,2016-17,-0.07044262945274452,-1.2261278847505277,0.17914633687691334
181,1610612738,2016-17,-0.6447791094809933,0.7344319309673144,1.0885438305932829
182,1610612739,2016-17,-1.3728707991715812,1.450191863689705,0.9096459629769477
183,1610612740,2016-17,0.34511113024502554,-0.9149279140016638,-0.6333481452139417
184,1610612741,2016-17,-0.06622508239862746,-0.5103679520281416,0.00024846926057821566
185,1610612742,2016-17,-0.05150296761872113,-0.7904479257021164,-0.7302511568394561
186,1610612743,2016-17,0.5935235852202514,1.1701118900157257,-0.08920046454758936
187,1610612744,2016-17,-1.0911199629576325,2.165951796412091,2.363191137359669
188,1610612745,2016-17,0.026714514963776064,1.73027183736368,1.2748957760269652
189,1610612746,2016-17,0.3712693147372587,1.263471881240384,0.9096459629769477
190,1610612747,2016-17,2.4083615285450803,-0.8838079169267747,-1.3638477713139758
191,1610612748,2016-17,0.8003324976268203,-0.32364796957882047,0.00024846926057821566
192,1610612749,2016-17,0.8507949490119951,0.20539198069424916,0.08969740306874578
193,1610612750,2016-17,-2.4854069793522315,0.5788319455928824,-0.9091490244557913
194,1610612751,2016-17,1.9715171671649798,-1.3506078730500708,-1.9079954519803282
195,1610612752,2016-17,-0.595816238399641,-0.47924795495325245,-0.9091490244557913
196,1610612753,2016-17,0.16502187598910253,-1.5684478525742764,-1.0880468920721262
197,1610612754,2016-17,-0.3809795492451149,-0.012447998829956505,0.08969740306874578
198,1610612755,2016-17,1.1178078530982982,-1.7240478379487083,-1.1849499036976407
199,1610612756,2016-17,-0.18978043478847015,-0.7282079315523428,-1.5427456389303111
200,1610612757,2016-17,-1.0478868708751472,0.4854719543682241,0.00024846926057821566
201,1610612758,2016-17,0.4706335986682393,-0.5103679520281416,-0.8197000906476236
202,1610612759,2016-17,0.7260405016846507,0.7966719251170881,1.8190434566933171
203,1610612760,2016-17,0.12206340235432801,-0.38588796372859413,0.5443961499269301
204,1610612761,2016-17,-0.8090241907520893,1.107871895865952,0.9096459629769477
205,1610612762,2016-17,-0.2892905648502687,0.36099196606868117,0.9096459629769477
206,1610612763,2016-17,0.8564442731790308,-0.47924795495325245,0.17914633687691334
207,1610612764,2016-17,-1.848197873718961,0.7033119338924297,0.7307480953606125
208,1610612765,2016-17,-0.15252042338403168,-0.9149279140016638,-0.36500134378943894
209,1610612766,2016-17,0.27020748395747807,0.04979199531981717,-0.4544502775976065
210,1610612737,2017-18,0.919145034550578,-1.1780959245360316,-1.412249487995384
211,1610612738,2017-18,-0.14037298492201958,-0.272668844724775,1.1666408813874913
212,1610612739,2017-18,0.6553882052411674,1.382077197688905,0.7504707424130058
213,1610612740,2017-18,-1.5488120742925822,0.4766501178776483,0.5799092100464134
214,1610612741,2017-18,1.1306490047897089,-1.5215337823954775,-1.166640881387491
215,1610612742,2017-18,0.3286963289632156,-0.6473283260259867,-1.412249487995384
216,1610612743,2017-18,-0.46424243323393083,1.0698609632712295,0.41617013897448546
217,1610612744,2017-18,-0.8608238110444968,1.9128447961989545,1.4122494879953835
218,1610612745,2017-18,-1.2540492810141488,1.8816231727571888,1.9989811593364615
219,1610612746,2017-18,0.9504805952110656,0.4766501178776483,0.08186953553596435
220,1610612747,2017-18,0.4549188088923891,-0.6161067025842164,-0.4980396745104494
221,1610612748,2017-18,0.926696623923042,-0.5224418322589146,0.25243106790255676
222,1610612749,2017-18,-1.442749067073306,0.5078717413194141,0.25243106790255676
223,1610612750,2017-18,-1.832966368060899,1.444520444572441,0.49803967451044906
224,1610612751,2017-18,1.373436351662317,-0.5848850791424506,-1.0847713458515265
225,1610612752,2017-18,0.4789031043493211,-0.6473283260259867,-0.9960793490208988
226,1610612753,2017-18,-0.135926203997304,-1.0532094307689641,-1.3303799524594195
227,1610612754,2017-18,-0.447693268603392,0.3205420006688105,0.5799092100464134
228,1610612755,2017-18,-1.0140721798750825,0.38298524755234653,0.9142098134849345
229,1610612756,2017-18,0.41422793986276213,-1.6776418996043154,-1.6646805558979403
230,1610612757,2017-18,-1.3708084133863931,-0.022895857190635343,0.6686012068770414
231,1610612758,2017-18,2.0460960691896743,-1.5839770292790136,-1.166640881387491
232,1610612759,2017-18,1.2442346905652533,-0.21022559784123895,0.49803967451044906
233,1610612760,2017-18,-1.689660352900876,0.4454284944358781,0.5799092100464134
234,1610612761,2017-18,0.6200492137218042,1.506963691455977,1.5009414848260116
235,1610612762,2017-18,-0.044986627775039686,0.008325766251134882,0.5799092100464134
236,1610612763,2017-18,0.6324408956784882,-1.3654256651866397,-1.5828110203619759
237,1610612764,2017-18,-0.06390468717611986,0.22687713034350873,0.1637390710719287
238,1610612765,2017-18,-0.23059686702815935,-0.39755533849184255,-0.1637390710719287
239,1610612766,2017-18,0.36630175378295643,0.2580987537852745,-0.41617013897448507
240,1610612737,2018-19,0.5673889258920308,-0.7984137058963637,-1.0119629757160828
241,1610612738,2018-19,0.17147732780090935,0.7622249826829252,0.6796490321034473
242,1610612739,2018-19,1.3353151598011224,-0.9680483459593301,-1.8577689796258476
243,1610612740,2018-19,-0.980768831062992,0.25332106249402603,-0.6791868430302734
244,1610612741,2018-19,-0.16535255014259098,-1.816221546274162,-1.608186880111491
245,1610612742,2018-19,0.1443544371505903,-0.42521749775783957,-0.6791868430302734
246,1610612743,2018-19,0.01464298398050627,0.6604441986451464,1.1025520340583304
247,1610612744,2018-19,-1.5682523606464402,2.0514482471614737,1.3521341335726866
248,1610612745,2018-19,-1.9695370423176486,1.5764712549851658,1.0124251647892568
249,1610612746,2018-19,2.34132560605389,0.626517270632555,0.5895221628343739
250,1610612747,2018-19,-0.5494799293297778,-0.9001944899341425,-0.3394778742468432
251,1610612748,2018-19,1.3938888864022738,-1.1037560580097052,-0.1661569718063178
252,1610612749,2018-19,-1.400135990663451,1.2372019748592331,1.6086490691846649
253,1610612750,2018-19,-0.503043670846412,0.18546720646884332,-0.42267190741829563
254,1610612751,2018-19,1.7143749667778978,-0.32343671372005584,0.08342512770803934
255,1610612752,2018-19,1.256875537322202,-1.9519292583245371,-2.0310898820663734
256,1610612753,2018-19,-0.11508483449721321,-0.4591444257704309,0.08342512770803934
257,1610612754,2018-19,0.4531109689303893,-0.18772900166968565,0.5895221628343739
258,1610612755,2018-19,-1.22397070053,0.864005766720709,0.8460370984463521
259,1610612756,2018-19,0.04384258954028471,-1.443025338135638,-1.8577689796258476
260,1610612757,2018-19,-0.5046160632130561,1.2032750468466418,1.0124251647892568
261,1610612758,2018-19,0.697447664606485,0.15154027845624715,-0.1661569718063178
262,1610612759,2018-19,0.08397300128412154,1.101494262808858,0.5895221628343739
263,1610612760,2018-19,-1.4665752770266385,-0.08594821763190677,0.6796490321034473
264,1610612761,2018-19,-0.4627166251815992,1.0336404067836753,1.435328166744139
265,1610612762,2018-19,-0.2279737630002086,0.32117491851921354,0.7628430652748998
266,1610612763,2018-19,0.020072693870920522,-1.3751714821104504,-0.6791868430302734
267,1610612764,2018-19,-0.05941825838580701,0.25332106249402603,-0.7623808762017258
268,1610612765,2018-19,-0.11667551567293406,-0.5948521378208059,0.00023109453658695723
269,1610612766,2018-19,1.0755106631031774,0.15154027845624715,-0.1661569718063178
270,1610612737,2019-20,-0.5154145716754084,-1.3642494245056669,-1.2904546885328554
271,1610612738,2019-20,-1.7563817726009505,0.9033041148634273,1.1332642229000687
272,1610612739,2019-20,-0.4461360187733311,-1.3270764156635475,-1.3365580373916337
273,1610612740,2019-20,-0.14633956531359893,0.011151902652635296,-0.513283950627733
274,1610612741,2019-20,0.43603393414598285,-1.4385954421899003,-1.0335931734625181
275,1610612742,2019-20,-0.18377295305259947,2.130013406653262,0.5141621096536149
276,1610612743,2019-20,-0.10715024175877652,0.7917850883370743,0.8895750932179539
277,1610612744,2019-20,0.7678572164503575,-1.8846715482952912,-1.738315791732417
278,1610612745,2019-20,-1.8559753694545087,0.8661311060213078,0.7644374320298408
279,1610612746,2019-20,1.873897728747311,1.1635151767582368,1.2254709206176257
280,1610612747,2019-20,0.1883502331595923,0.6059200441264931,1.5613667480172968
281,1610612748,2019-20,0.73702227831852,0.7546120794949602,0.7117478904769512
282,1610612749,2019-20,0.013520708299704372,0.9404771237055414,1.791883492311189
283,1610612750,2019-20,0.017036964907322105,-0.9925193360845044,-1.3036270739210778
284,1610612751,2019-20,-0.13328536747425374,-0.7323082741896896,-0.05883665473405984
285,1610612752,2019-20,1.1908264377130688,-1.550114468716248,-1.1653170273447422
286,1610612753,2019-20,0.3198324499059329,-0.6951352653475754,-0.28276720633384067
287,1610612754,2019-20,-0.49411625861682085,-0.026021106189478834,0.797368395500397
288,1610612755,2019-20,-0.8243868837760657,0.4200549999159119,0.6195411927593942
289,1610612756,2019-20,-1.2782364937764241,0.6430930529686125,-0.1905605086162837
290,1610612757,2019-20,-2.0737726551603237,1.1635151767582368,-0.1444571597575056
291,1610612758,2019-20,0.15375592477922198,-0.06319411503159825,-0.4210772529101761
292,1610612759,2019-20,1.2761992618306608,0.9033041148634273,-0.2893533990279519
293,1610612760,2019-20,0.41801831174798104,0.1598439380211024,0.7644374320298408
294,1610612761,2019-20,-0.8592045085174028,0.3828819910737977,1.5877115187937416
295,1610612762,2019-20,-0.7096181362604653,0.7546120794949602,0.7644374320298408
296,1610612763,2019-20,0.5904814281313303,-0.3977511946106413,-0.1905605086162837
297,1610612764,2019-20,1.7547496103804776,0.08549792033686884,-0.9743174392155175
298,1610612765,2019-20,1.7772436384222634,-0.6951352653475754,-1.2641099177564106
299,1610612766,2019-20,-0.13103533072877596,-1.5129414598741286,-0.9282140903567391
300,1610612737,2020-21,-1.0621414292797786,0.8049991569105486,0.5045631793133478
301,1610612738,2020-21,-1.4006448644678775,0.28952477681841293,-0.000243868138865777
302,1610612739,2020-21,-0.9809578411507432,-1.7465990245455243,-1.4195564363378443
303,1610612740,2020-21,-1.2517037681180836,0.2379773388091986,-0.5050509155910798
304,1610612741,2020-21,-0.2381356104493856,-0.30327076028754235,-0.5050509155910798
305,1610612742,2020-21,0.3862637005239658,0.7792254379059432,0.6069877976369856
306,1610612743,2020-21,-1.3828452249077927,1.1142837849658307,1.1191108892551742
307,1610612744,2020-21,-0.07853101918355188,-0.277497041282937,0.30702998683204735
308,1610612745,2020-21,-0.3072365688514737,-1.2826720824625992,-1.9316795279560326
309,1610612746,2020-21,0.6915617513571148,1.3720209750118986,1.1191108892551742
310,1610612747,2020-21,1.4634203291470642,-0.6125553883428244,0.6069877976369856
311,1610612748,2020-21,-0.08069655799629882,-0.20017588426911742,0.4094546051556851
312,1610612749,2020-21,-1.1526912319176454,1.2431523799888646,1.0166862709315365
313,1610612750,2020-21,1.2193408609527552,-0.7414239833658584,-1.3244478621801807
314,1610612751,2020-21,-0.5837461305716846,1.6555318840625717,1.221535507578812
315,1610612752,2020-21,0.8347633746128347,-0.43213935531057623,0.5045631793133478
316,1610612753,2020-21,1.4024004956942737,-1.798146462554735,-1.521981054661482
317,1610612754,2020-21,-0.22107185991405018,0.006013867767739775,-0.2050931047861412
318,1610612755,2020-21,0.22619081228522764,0.2379773388091986,1.3239601259024496
319,1610612756,2020-21,-0.04755167880247286,1.2946998179980789,1.52149331838375
320,1610612757,2020-21,-0.7387606040848663,1.2946998179980789,0.6069877976369856
321,1610612758,2020-21,-1.1256559010329394,0.3152984958230182,-0.5050509155910798
322,1610612759,2020-21,1.0137002621267317,-0.3290444792921513,-0.30751772310977854
323,1610612760,2020-21,1.508537684097496,-2.210525966628446,-1.4195564363378443
324,1610612761,2020-21,-1.7262926225614903,-0.14862844625990312,-0.9147493888856303
325,1610612762,2020-21,0.3600365672878172,1.3462472560072896,1.6239179367073877
326,1610612763,2020-21,0.7783734311210936,-0.04553357024147452,0.20460536850840966
327,1610612764,2020-21,0.4783171952431005,-0.25172332227832805,-0.2050931047861412
328,1610612765,2020-21,2.130745757944376,-1.1538034874395655,-1.6244056729851193
329,1610612766,2020-21,-0.11498930910375352,-0.45791307431518524,-0.30751772310977854
330,1610612737,2021-22,-0.15158624658346087,1.4850146281786192,0.17357024996615728
331,1610612738,2021-22,-1.2829154487496224,0.8756133768742177,0.880352154260483
332,1610612739,2021-22,0.28380877951810335,0.009622125020600707,0.2673270331888741
333,1610612740,2021-22,-0.2657556917060883,-0.11867287525401159,-0.439454871105452
334,1610612741,2021-22,-2.050428472327787,0.5228021261190408,0.440416479138505
335,1610612742,2021-22,-0.4143481208925544,0.36243337577577767,0.9668968772352985
336,1610612743,2021-22,0.06167255937828405,0.74731837659961,0.6135059250881352
337,1610612744,2021-22,0.34322718937349933,0.36243337577577767,1.053441600210114
338,1610612745,2021-22,1.111517633594721,-1.273327877725504,-1.8458066194462026
339,1610612746,2021-22,1.3584977755782413,-0.5356316261464947,0.08702552699134179
340,1610612747,2021-22,0.2904011831428495,-0.47148412600918854,-0.7063011002777994
341,1610612748,2021-22,1.236630400569489,0.586949626256347,1.053441600210114
342,1610612749,2021-22,-2.084585364542341,1.00390837714883,0.880352154260483
343,1610612750,2021-22,0.35925385735674836,0.6190233763249977,0.440416479138505
344,1610612751,2021-22,-0.45412971469785146,0.5228021261190408,0.2673270331888741
345,1610612752,2021-22,-0.2022153507808705,-0.4394103759405377,-0.35291014813063654
346,1610612753,2021-22,1.0667873490538966,-2.4279828801970007,-1.6727171734965716
347,1610612754,2021-22,0.2137911942620457,-0.05452537511670544,-1.405870944324224
348,1610612755,2021-22,-1.7618147152302914,0.5228021261190408,0.880352154260483
349,1610612756,2021-22,-0.2812567406402909,1.00390837714883,2.019857673428886
350,1610612757,2021-22,-0.3389469706066237,-1.2412541276568532,-1.2327814983745933
351,1610612758,2021-22,0.3887141251392301,-0.6960003764897578,-0.9659352692022458
352,1610612759,2021-22,0.8377393838223622,0.009622125020600707,-0.612544317055083
353,1610612760,2021-22,0.6348182901242899,-2.2996878799223888,-1.4924156672990396
354,1610612761,2021-22,-2.164769070684098,0.0737696251579023,0.6135059250881352
355,1610612762,2021-22,0.4675835820990522,1.4850146281786192,0.707262708310852
356,1610612763,2021-22,0.4015144245750462,0.7152446265309547,1.3202878293824616
357,1610612764,2021-22,1.1978488385092703,-0.15074662532266236,-0.5259995940802675
358,1610612765,2021-22,1.4084513431287324,-1.9468766291672117,-1.586172450521756
359,1610612766,2021-22,-0.20950600178397344,0.74731837659961,0.17357024996615728
